# Solutions to Equation 26 of Laundal et al. (2022, https://doi.org/10.1029/2022JA030356)
# which gives maximum plasma production q' as a function of solar zenith angle chi.
# Solutions from Lompe (Laundal et al., https://doi.org/10.5281/zenodo.5973739), assuming:
# n(z)        =  1e13 m^-3
# z0          =   500 km
# H           =    50 km
# tau(z, chi) = 1e-20 m^-2
chi,q_dash
0.0,1.000000
0.1,0.999998
0.2,0.999994
0.3,0.999986
0.4,0.999976
0.5,0.999962
0.6,0.999946
0.7,0.999926
0.8,0.999904
0.9,0.999878
1.0,0.999850
1.1,0.999818
1.2,0.999784
1.3,0.999746
1.4,0.999706
1.5,0.999662
1.6,0.999616
1.7,0.999566
1.8,0.999514
1.9,0.999458
2.0,0.999400
2.1,0.999338
2.2,0.999274
2.3,0.999206
2.4,0.999136
2.5,0.999062
2.6,0.998986
2.7,0.998906
2.8,0.998824
2.9,0.998738
3.0,0.998650
3.1,0.998558
3.2,0.998464
3.3,0.998366
3.4,0.998266
3.5,0.998162
3.6,0.998056
3.7,0.997946
3.8,0.997834
3.9,0.997719
4.0,0.997600
4.1,0.997479
4.2,0.997354
4.3,0.997227
4.4,0.997096
4.5,0.996963
4.6,0.996827
4.7,0.996687
4.8,0.996545
4.9,0.996399
5.0,0.996251
5.1,0.996100
5.2,0.995945
5.3,0.995788
5.4,0.995628
5.5,0.995464
5.6,0.995298
5.7,0.995129
5.8,0.994957
5.9,0.994781
6.0,0.994603
6.1,0.994422
6.2,0.994238
6.3,0.994051
6.4,0.993860
6.5,0.993667
6.6,0.993471
6.7,0.993272
6.8,0.993070
6.9,0.992865
7.0,0.992657
7.1,0.992446
7.2,0.992232
7.3,0.992015
7.4,0.991795
7.5,0.991572
7.6,0.991346
7.7,0.991117
7.8,0.990885
7.9,0.990651
8.0,0.990413
8.1,0.990172
8.2,0.989928
8.3,0.989682
8.4,0.989432
8.5,0.989179
8.6,0.988924
8.7,0.988665
8.8,0.988404
8.9,0.988139
9.0,0.987872
9.1,0.987601
9.2,0.987328
9.3,0.987051
9.4,0.986772
9.5,0.986490
9.6,0.986205
9.7,0.985916
9.8,0.985625
9.9,0.985331
10.0,0.985034
10.1,0.984734
10.2,0.984431
10.3,0.984125
10.4,0.983817
10.5,0.983505
10.6,0.983190
10.7,0.982872
10.8,0.982552
10.9,0.982228
11.0,0.981901
11.1,0.981572
11.2,0.981240
11.3,0.980904
11.4,0.980566
11.5,0.980225
11.6,0.979880
11.7,0.979533
11.8,0.979183
11.9,0.978830
12.0,0.978474
12.1,0.978116
12.2,0.977754
12.3,0.977389
12.4,0.977021
12.5,0.976651
12.6,0.976277
12.7,0.975901
12.8,0.975522
12.9,0.975139
13.0,0.974754
13.1,0.974366
13.2,0.973975
13.3,0.973581
13.4,0.973184
13.5,0.972784
13.6,0.972382
13.7,0.971976
13.8,0.971567
13.9,0.971156
14.0,0.970742
14.1,0.970324
14.2,0.969904
14.3,0.969481
14.4,0.969055
14.5,0.968626
14.6,0.968195
14.7,0.967760
14.8,0.967322
14.9,0.966882
15.0,0.966438
15.1,0.965992
15.2,0.965543
15.3,0.965091
15.4,0.964636
15.5,0.964178
15.6,0.963718
15.7,0.963254
15.8,0.962787
15.9,0.962318
16.0,0.961846
16.1,0.961371
16.2,0.960893
16.3,0.960412
16.4,0.959928
16.5,0.959441
16.6,0.958952
16.7,0.958460
16.8,0.957964
16.9,0.957466
17.0,0.956965
17.1,0.956461
17.2,0.955955
17.3,0.955445
17.4,0.954933
17.5,0.954417
17.6,0.953899
17.7,0.953378
17.8,0.952855
17.9,0.952328
18.0,0.951798
18.1,0.951266
18.2,0.950731
18.3,0.950193
18.4,0.949652
18.5,0.949108
18.6,0.948561
18.7,0.948012
18.8,0.947460
18.9,0.946904
19.0,0.946347
19.1,0.945786
19.2,0.945222
19.3,0.944656
19.4,0.944087
19.5,0.943514
19.6,0.942940
19.7,0.942362
19.8,0.941781
19.9,0.941198
20.0,0.940612
20.1,0.940023
20.2,0.939431
20.3,0.938837
20.4,0.938239
20.5,0.937639
20.6,0.937036
20.7,0.936430
20.8,0.935822
20.9,0.935210
21.0,0.934596
21.1,0.933979
21.2,0.933359
21.3,0.932737
21.4,0.932111
21.5,0.931483
21.6,0.930852
21.7,0.930219
21.8,0.929582
21.9,0.928943
22.0,0.928301
22.1,0.927656
22.2,0.927009
22.3,0.926358
22.4,0.925705
22.5,0.925049
22.6,0.924391
22.7,0.923729
22.8,0.923065
22.9,0.922398
23.0,0.921729
23.1,0.921056
23.2,0.920381
23.3,0.919703
23.4,0.919022
23.5,0.918339
23.6,0.917653
23.7,0.916964
23.8,0.916273
23.9,0.915578
24.0,0.914881
24.1,0.914181
24.2,0.913479
24.3,0.912774
24.4,0.912066
24.5,0.911355
24.6,0.910642
24.7,0.909925
24.8,0.909207
24.9,0.908485
25.0,0.907761
25.1,0.907034
25.2,0.906304
25.3,0.905572
25.4,0.904837
25.5,0.904099
25.6,0.903359
25.7,0.902616
25.8,0.901870
25.9,0.901121
26.0,0.900370
26.1,0.899616
26.2,0.898860
26.3,0.898100
26.4,0.897338
26.5,0.896574
26.6,0.895807
26.7,0.895037
26.8,0.894264
26.9,0.893489
27.0,0.892711
27.1,0.891930
27.2,0.891147
27.3,0.890361
27.4,0.889573
27.5,0.888782
27.6,0.887988
27.7,0.887191
27.8,0.886392
27.9,0.885591
28.0,0.884786
28.1,0.883979
28.2,0.883170
28.3,0.882357
28.4,0.881542
28.5,0.880725
28.6,0.879905
28.7,0.879082
28.8,0.878257
28.9,0.877429
29.0,0.876598
29.1,0.875765
29.2,0.874929
29.3,0.874091
29.4,0.873250
29.5,0.872406
29.6,0.871560
29.7,0.870712
29.8,0.869860
29.9,0.869006
30.0,0.868150
30.1,0.867291
30.2,0.866429
30.3,0.865565
30.4,0.864698
30.5,0.863829
30.6,0.862957
30.7,0.862082
30.8,0.861205
30.9,0.860326
31.0,0.859444
31.1,0.858559
31.2,0.857672
31.3,0.856782
31.4,0.855890
31.5,0.854995
31.6,0.854097
31.7,0.853198
31.8,0.852295
31.9,0.851390
32.0,0.850483
32.1,0.849573
32.2,0.848660
32.3,0.847745
32.4,0.846828
32.5,0.845907
32.6,0.844985
32.7,0.844060
32.8,0.843132
32.9,0.842202
33.0,0.841270
33.1,0.840335
33.2,0.839397
33.3,0.838457
33.4,0.837515
33.5,0.836570
33.6,0.835622
33.7,0.834672
33.8,0.833720
33.9,0.832765
34.0,0.831808
34.1,0.830848
34.2,0.829886
34.3,0.828921
34.4,0.827954
34.5,0.826984
34.6,0.826012
34.7,0.825038
34.8,0.824061
34.9,0.823082
35.0,0.822100
35.1,0.821116
35.2,0.820129
35.3,0.819140
35.4,0.818149
35.5,0.817155
35.6,0.816159
35.7,0.815160
35.8,0.814159
35.9,0.813156
36.0,0.812150
36.1,0.811141
36.2,0.810131
36.3,0.809118
36.4,0.808102
36.5,0.807085
36.6,0.806064
36.7,0.805042
36.8,0.804017
36.9,0.802990
37.0,0.801960
37.1,0.800928
37.2,0.799894
37.3,0.798857
37.4,0.797818
37.5,0.796777
37.6,0.795733
37.7,0.794687
37.8,0.793638
37.9,0.792588
38.0,0.791535
38.1,0.790479
38.2,0.789421
38.3,0.788361
38.4,0.787299
38.5,0.786234
38.6,0.785167
38.7,0.784098
38.8,0.783027
38.9,0.781953
39.0,0.780877
39.1,0.779798
39.2,0.778717
39.3,0.777634
39.4,0.776549
39.5,0.775462
39.6,0.774372
39.7,0.773280
39.8,0.772185
39.9,0.771089
40.0,0.769990
40.1,0.768889
40.2,0.767785
40.3,0.766680
40.4,0.765572
40.5,0.764462
40.6,0.763350
40.7,0.762235
40.8,0.761118
40.9,0.759999
41.0,0.758878
41.1,0.757755
41.2,0.756629
41.3,0.755501
41.4,0.754371
41.5,0.753239
41.6,0.752104
41.7,0.750968
41.8,0.749829
41.9,0.748688
42.0,0.747545
42.1,0.746399
42.2,0.745252
42.3,0.744102
42.4,0.742950
42.5,0.741796
42.6,0.740640
42.7,0.739482
42.8,0.738321
42.9,0.737159
43.0,0.735994
43.1,0.734827
43.2,0.733658
43.3,0.732487
43.4,0.731313
43.5,0.730138
43.6,0.728961
43.7,0.727781
43.8,0.726599
43.9,0.725415
44.0,0.724229
44.1,0.723041
44.2,0.721851
44.3,0.720659
44.4,0.719465
44.5,0.718268
44.6,0.717070
44.7,0.715869
44.8,0.714667
44.9,0.713462
45.0,0.712256
45.1,0.711047
45.2,0.709836
45.3,0.708623
45.4,0.707408
45.5,0.706191
45.6,0.704972
45.7,0.703751
45.8,0.702528
45.9,0.701303
46.0,0.700076
46.1,0.698847
46.2,0.697616
46.3,0.696383
46.4,0.695148
46.5,0.693911
46.6,0.692672
46.7,0.691431
46.8,0.690188
46.9,0.688943
47.0,0.687696
47.1,0.686447
47.2,0.685196
47.3,0.683943
47.4,0.682689
47.5,0.681432
47.6,0.680173
47.7,0.678913
47.8,0.677650
47.9,0.676386
48.0,0.675119
48.1,0.673851
48.2,0.672581
48.3,0.671308
48.4,0.670034
48.5,0.668758
48.6,0.667480
48.7,0.666201
48.8,0.664919
48.9,0.663635
49.0,0.662350
49.1,0.661063
49.2,0.659774
49.3,0.658482
49.4,0.657190
49.5,0.655895
49.6,0.654598
49.7,0.653300
49.8,0.651999
49.9,0.650697
50.0,0.649393
50.1,0.648088
50.2,0.646780
50.3,0.645470
50.4,0.644159
50.5,0.642846
50.6,0.641531
50.7,0.640215
50.8,0.638896
50.9,0.637576
51.0,0.636254
51.1,0.634930
51.2,0.633604
51.3,0.632277
51.4,0.630948
51.5,0.629617
51.6,0.628284
51.7,0.626950
51.8,0.625614
51.9,0.624276
52.0,0.622936
52.1,0.621595
52.2,0.620252
52.3,0.618907
52.4,0.617561
52.5,0.616212
52.6,0.614862
52.7,0.613511
52.8,0.612157
52.9,0.610802
53.0,0.609446
53.1,0.608087
53.2,0.606727
53.3,0.605366
53.4,0.604002
53.5,0.602637
53.6,0.601271
53.7,0.599902
53.8,0.598532
53.9,0.597161
54.0,0.595787
54.1,0.594413
54.2,0.593036
54.3,0.591658
54.4,0.590278
54.5,0.588897
54.6,0.587514
54.7,0.586129
54.8,0.584743
54.9,0.583356
55.0,0.581966
55.1,0.580576
55.2,0.579183
55.3,0.577789
55.4,0.576394
55.5,0.574997
55.6,0.573598
55.7,0.572198
55.8,0.570796
55.9,0.569393
56.0,0.567988
56.1,0.566582
56.2,0.565174
56.3,0.563765
56.4,0.562354
56.5,0.560942
56.6,0.559528
56.7,0.558113
56.8,0.556696
56.9,0.555278
57.0,0.553859
57.1,0.552437
57.2,0.551015
57.3,0.549591
57.4,0.548165
57.5,0.546739
57.6,0.545310
57.7,0.543881
57.8,0.542449
57.9,0.541017
58.0,0.539583
58.1,0.538148
58.2,0.536711
58.3,0.535273
58.4,0.533833
58.5,0.532392
58.6,0.530950
58.7,0.529507
58.8,0.528062
58.9,0.526615
59.0,0.525168
59.1,0.523719
59.2,0.522268
59.3,0.520817
59.4,0.519364
59.5,0.517909
59.6,0.516454
59.7,0.514997
59.8,0.513539
59.9,0.512079
60.0,0.510619
60.1,0.509157
60.2,0.507693
60.3,0.506229
60.4,0.504763
60.5,0.503296
60.6,0.501828
60.7,0.500358
60.8,0.498887
60.9,0.497416
61.0,0.495942
61.1,0.494468
61.2,0.492992
61.3,0.491516
61.4,0.490038
61.5,0.488559
61.6,0.487078
61.7,0.485597
61.8,0.484114
61.9,0.482630
62.0,0.481146
62.1,0.479660
62.2,0.478172
62.3,0.476684
62.4,0.475195
62.5,0.473704
62.6,0.472213
62.7,0.470720
62.8,0.469226
62.9,0.467731
63.0,0.466235
63.1,0.464738
63.2,0.463240
63.3,0.461741
63.4,0.460241
63.5,0.458740
63.6,0.457237
63.7,0.455734
63.8,0.454230
63.9,0.452725
64.0,0.451219
64.1,0.449711
64.2,0.448203
64.3,0.446694
64.4,0.445184
64.5,0.443673
64.6,0.442161
64.7,0.440648
64.8,0.439134
64.9,0.437619
65.0,0.436103
65.1,0.434587
65.2,0.433069
65.3,0.431551
65.4,0.430031
65.5,0.428511
65.6,0.426990
65.7,0.425468
65.8,0.423945
65.9,0.422422
66.0,0.420897
66.1,0.419372
66.2,0.417846
66.3,0.416319
66.4,0.414791
66.5,0.413263
66.6,0.411734
66.7,0.410204
66.8,0.408673
66.9,0.407142
67.0,0.405609
67.1,0.404076
67.2,0.402543
67.3,0.401008
67.4,0.399473
67.5,0.397937
67.6,0.396401
67.7,0.394864
67.8,0.393326
67.9,0.391787
68.0,0.390248
68.1,0.388708
68.2,0.387168
68.3,0.385627
68.4,0.384085
68.5,0.382543
68.6,0.381000
68.7,0.379457
68.8,0.377913
68.9,0.376369
69.0,0.374824
69.1,0.373278
69.2,0.371732
69.3,0.370185
69.4,0.368638
69.5,0.367091
69.6,0.365542
69.7,0.363994
69.8,0.362445
69.9,0.360896
70.0,0.359346
70.1,0.357795
70.2,0.356245
70.3,0.354694
70.4,0.353142
70.5,0.351590
70.6,0.350038
70.7,0.348485
70.8,0.346932
70.9,0.345379
71.0,0.343826
71.1,0.342272
71.2,0.340718
71.3,0.339163
71.4,0.337608
71.5,0.336053
71.6,0.334498
71.7,0.332943
71.8,0.331387
71.9,0.329831
72.0,0.328275
72.1,0.326719
72.2,0.325163
72.3,0.323606
72.4,0.322050
72.5,0.320493
72.6,0.318936
72.7,0.317379
72.8,0.315822
72.9,0.314265
73.0,0.312708
73.1,0.311150
73.2,0.309593
73.3,0.308036
73.4,0.306479
73.5,0.304922
73.6,0.303365
73.7,0.301808
73.8,0.300251
73.9,0.298694
74.0,0.297137
74.1,0.295580
74.2,0.294024
74.3,0.292467
74.4,0.290911
74.5,0.289355
74.6,0.287799
74.7,0.286244
74.8,0.284689
74.9,0.283134
75.0,0.281579
75.1,0.280024
75.2,0.278470
75.3,0.276916
75.4,0.275363
75.5,0.273810
75.6,0.272257
75.7,0.270705
75.8,0.269153
75.9,0.267601
76.0,0.266050
76.1,0.264500
76.2,0.262950
76.3,0.261400
76.4,0.259851
76.5,0.258303
76.6,0.256755
76.7,0.255208
76.8,0.253661
76.9,0.252116
77.0,0.250570
77.1,0.249026
77.2,0.247482
77.3,0.245939
77.4,0.244397
77.5,0.242855
77.6,0.241315
77.7,0.239775
77.8,0.238236
77.9,0.236698
78.0,0.235161
78.1,0.233624
78.2,0.232089
78.3,0.230555
78.4,0.229022
78.5,0.227489
78.6,0.225958
78.7,0.224428
78.8,0.222899
78.9,0.221372
79.0,0.219845
79.1,0.218320
79.2,0.216795
79.3,0.215273
79.4,0.213751
79.5,0.212231
79.6,0.210712
79.7,0.209194
79.8,0.207678
79.9,0.206163
80.0,0.204650
80.1,0.203139
80.2,0.201628
80.3,0.200120
80.4,0.198613
80.5,0.197108
80.6,0.195604
80.7,0.194102
80.8,0.192602
80.9,0.191104
81.0,0.189607
81.1,0.188112
81.2,0.186619
81.3,0.185129
81.4,0.183640
81.5,0.182153
81.6,0.180668
81.7,0.179185
81.8,0.177704
81.9,0.176226
82.0,0.174750
82.1,0.173276
82.2,0.171804
82.3,0.170334
82.4,0.168867
82.5,0.167403
82.6,0.165941
82.7,0.164481
82.8,0.163024
82.9,0.161569
83.0,0.160118
83.1,0.158668
83.2,0.157222
83.3,0.155778
83.4,0.154338
83.5,0.152900
83.6,0.151465
83.7,0.150033
83.8,0.148604
83.9,0.147178
84.0,0.145755
84.1,0.144336
84.2,0.142919
84.3,0.141506
84.4,0.140097
84.5,0.138691
84.6,0.137288
84.7,0.135889
84.8,0.134493
84.9,0.133101
85.0,0.131713
85.1,0.130328
85.2,0.128948
85.3,0.127571
85.4,0.126198
85.5,0.124829
85.6,0.123465
85.7,0.122104
85.8,0.120748
85.9,0.119396
86.0,0.118048
86.1,0.116704
86.2,0.115365
86.3,0.114031
86.4,0.112701
86.5,0.111376
86.6,0.110056
86.7,0.108740
86.8,0.107430
86.9,0.106124
87.0,0.104823
87.1,0.103528
87.2,0.102237
87.3,0.100952
87.4,0.099673
87.5,0.098398
87.6,0.097129
87.7,0.095866
87.8,0.094608
87.9,0.093356
88.0,0.092110
88.1,0.090870
88.2,0.089636
88.3,0.088407
88.4,0.087185
88.5,0.085969
88.6,0.084760
88.7,0.083557
88.8,0.082360
88.9,0.081169
89.0,0.079986
89.1,0.078809
89.2,0.077638
89.3,0.076475
89.4,0.075319
89.5,0.074169
89.6,0.073027
89.7,0.071892
89.8,0.070765
89.9,0.069644
90.0,0.068532
90.1,0.067426
90.2,0.066329
90.3,0.065239
90.4,0.064157
90.5,0.063083
90.6,0.062016
90.7,0.060958
90.8,0.059908
90.9,0.058867
91.0,0.057833
91.1,0.056808
91.2,0.055792
91.3,0.054784
91.4,0.053784
91.5,0.052794
91.6,0.051812
91.7,0.050839
91.8,0.049875
91.9,0.048920
92.0,0.047974
92.1,0.047038
92.2,0.046110
92.3,0.045192
92.4,0.044284
92.5,0.043384
92.6,0.042495
92.7,0.041615
92.8,0.040745
92.9,0.039884
93.0,0.039033
93.1,0.038192
93.2,0.037361
93.3,0.036540
93.4,0.035729
93.5,0.034928
93.6,0.034137
93.7,0.033356
93.8,0.032585
93.9,0.031825
94.0,0.031075
94.1,0.030335
94.2,0.029606
94.3,0.028886
94.4,0.028178
94.5,0.027480
94.6,0.026792
94.7,0.026114
94.8,0.025447
94.9,0.024791
95.0,0.024145
95.1,0.023509
95.2,0.022884
95.3,0.022270
95.4,0.021666
95.5,0.021072
95.6,0.020489
95.7,0.019916
95.8,0.019354
95.9,0.018802
96.0,0.018260
96.1,0.017729
96.2,0.017208
96.3,0.016698
96.4,0.016197
96.5,0.015707
96.6,0.015226
96.7,0.014756
96.8,0.014296
96.9,0.013846
97.0,0.013405
97.1,0.012974
97.2,0.012554
97.3,0.012142
97.4,0.011740
97.5,0.011348
97.6,0.010965
97.7,0.010592
97.8,0.010228
97.9,0.009872
98.0,0.009526
98.1,0.009189
98.2,0.008860
98.3,0.008540
98.4,0.008229
98.5,0.007926
98.6,0.007632
98.7,0.007346
98.8,0.007068
98.9,0.006798
99.0,0.006536
99.1,0.006281
99.2,0.006034
99.3,0.005795
99.4,0.005563
99.5,0.005338
99.6,0.005121
99.7,0.004910
99.8,0.004706
99.9,0.004509
100.0,0.004318
100.1,0.004134
100.2,0.003956
100.3,0.003784
100.4,0.003618
100.5,0.003458
100.6,0.003304
100.7,0.003155
100.8,0.003012
100.9,0.002874
101.0,0.002741
101.1,0.002614
101.2,0.002491
101.3,0.002373
101.4,0.002259
101.5,0.002150
101.6,0.002046
101.7,0.001946
101.8,0.001849
101.9,0.001757
102.0,0.001669
102.1,0.001584
102.2,0.001503
102.3,0.001426
102.4,0.001352
102.5,0.001281
102.6,0.001213
102.7,0.001149
102.8,0.001087
102.9,0.001028
103.0,0.000972
103.1,0.000919
103.2,0.000868
103.3,0.000820
103.4,0.000773
103.5,0.000730
103.6,0.000688
103.7,0.000648
103.8,0.000611
103.9,0.000575
104.0,0.000541
104.1,0.000509
104.2,0.000479
104.3,0.000450
104.4,0.000423
104.5,0.000397
104.6,0.000372
104.7,0.000349
104.8,0.000328
104.9,0.000307
105.0,0.000288
105.1,0.000269
105.2,0.000252
105.3,0.000236
105.4,0.000220
105.5,0.000206
105.6,0.000192
105.7,0.000179
105.8,0.000167
105.9,0.000156
106.0,0.000146
106.1,0.000136
106.2,0.000126
106.3,0.000117
106.4,0.000109
106.5,0.000102
106.6,0.000094
106.7,0.000088
106.8,0.000081
106.9,0.000076
107.0,0.000070
107.1,0.000065
107.2,0.000060
107.3,0.000056
107.4,0.000052
107.5,0.000048
107.6,0.000044
107.7,0.000041
107.8,0.000038
107.9,0.000035
108.0,0.000032
108.1,0.000030
108.2,0.000027
108.3,0.000025
108.4,0.000023
108.5,0.000021
108.6,0.000020
108.7,0.000018
108.8,0.000017
108.9,0.000015
109.0,0.000014
109.1,0.000013
109.2,0.000012
109.3,0.000011
109.4,0.000010
109.5,0.000009
109.6,0.000008
109.7,0.000008
109.8,0.000007
109.9,0.000006
110.0,0.000006
110.1,0.000005
110.2,0.000005
110.3,0.000004
110.4,0.000004
110.5,0.000004
110.6,0.000003
110.7,0.000003
110.8,0.000003
110.9,0.000002
111.0,0.000002
111.1,0.000002
111.2,0.000002
111.3,0.000002
111.4,0.000002
111.5,0.000001
111.6,0.000001
111.7,0.000001
111.8,0.000001
111.9,0.000001
112.0,0.000001
112.1,0.000001
112.2,0.000001
112.3,0.000001
112.4,0.000001
112.5,0.000000
112.6,0.000000
112.7,0.000000
112.8,0.000000
112.9,0.000000
113.0,0.000000
113.1,0.000000
113.2,0.000000
113.3,0.000000
113.4,0.000000
113.5,0.000000
113.6,0.000000
113.7,0.000000
113.8,0.000000
113.9,0.000000
114.0,0.000000
114.1,0.000000
114.2,0.000000
114.3,0.000000
114.4,0.000000
114.5,0.000000
114.6,0.000000
114.7,0.000000
114.8,0.000000
114.9,0.000000
115.0,0.000000
115.1,0.000000
115.2,0.000000
115.3,0.000000
115.4,0.000000
115.5,0.000000
115.6,0.000000
115.7,0.000000
115.8,0.000000
115.9,0.000000
116.0,0.000000
116.1,0.000000
116.2,0.000000
116.3,0.000000
116.4,0.000000
116.5,0.000000
116.6,0.000000
116.7,0.000000
116.8,0.000000
116.9,0.000000
117.0,0.000000
117.1,0.000000
117.2,0.000000
117.3,0.000000
117.4,0.000000
117.5,0.000000
117.6,0.000000
117.7,0.000000
117.8,0.000000
117.9,0.000000
118.0,0.000000
118.1,0.000000
118.2,0.000000
118.3,0.000000
118.4,0.000000
118.5,0.000000
118.6,0.000000
118.7,0.000000
118.8,0.000000
118.9,0.000000
119.0,0.000000
119.1,0.000000
119.2,0.000000
119.3,0.000000
119.4,0.000000
119.5,0.000000
119.6,0.000000
119.7,0.000000
119.8,0.000000
119.9,0.000000
120.0,0.000000
